Sýra No;GERÇEK/TÜZEL KÝŢÝ/KURULUŢ/ORGANÝZASYON ADI SOYADI ÜNVANI;ESKÝ ADI;KURULUŢ YAPISI;KULLANDIĐI BÝLÝNEN DÝĐER ÝSÝMLER;"
PASAPORT NO/ DÝĐER MUHTELÝF  BÝLGÝLER 
";GÖREVÝ;ADRES;UYRUĐU;LÝSTEYE ALINMA TARÝHÝ;DÝĐER BÝLGÝLER;DOĐUM YERÝ;ANNE ADI;BABA ADI;DOĐUM TARÝHÝ;ÖRGÜTÜ;R.GAZETE TARÝH SAYI;BKK-CBK KARAR TARÝH VE SAYISI
1;YUN HO-JIN;;;Yun Ho-chin;;Namchongang Trading Corporation Müdürü;"Pyongyang, Kore Demokratik Halk
Cumhuriyeti";KORE DEMOKRATÝK HALK CUMHURÝYETÝ;16.07.2009;;;;;13.10.1944;;24.02.2021-31405;24.2.2021/3578 
2;RI JE-SON ;;;Ri Che-son;;Eski Atom Enerjisi Sanayii Bakaný;;KORE DEMOKRATÝK HALK CUMHURÝYETÝ;16.07.2009;;;;;21.04.1938;;24.02.2021-31405;24.2.2021/3578 
3;HWANG SOK-HVVA ;;;HWANG SOK HA;;Atom Enerjisi Genel Bürosu’nun Müdürü;;KORE DEMOKRATÝK HALK CUMHURÝYETÝ;16.07.2009;;;;;26.09.1943;;24.02.2021-31405;24.2.2021/3578 
4;RI HONG-SOP ;;;;;"Yongbyon Nükleer Araţtýrma Merkezi’nin
eski müdürü ve Nükleer Silahlar
Enstitüsü’nün eski baţkaný

";"Pyongyang, Kore De mokratik Halk
Cumhuriyeti
";KORE DEMOKRATÝK HALK CUMHURÝYETÝ;16 Temmuz 2009 (9 Temmuz 2018 ve 26 Temmuz 2022 tarihlerinde gözden geçirilmiţtir.);;;;;26.02.1940;;24.02.2021-31405;24.2.2021/3578 
5;HAN YU-RO;;;;;;;KORE DEMOKRATÝK HALK CUMHURÝYETÝ;16.07.2009;;;;;;;24.02.2021-31405;24.2.2021/3578 
6;PAEK CHANG-HO ;;;;3814207547;;;KORE DEMOKRATÝK HALK CUMHURÝYETÝ;22.01.2013;;;;;18.06.1964;;24.02.2021-31405;24.2.2021/3578 
7;CHANG MYONG-CHIN ;;;;;;;KORE DEMOKRATÝK HALK CUMHURÝYETÝ;22.01.2013;;;;;19.02.1968;;24.02.2021-31405;24.2.2021/3578 
8;RA KY'ONG-SU ;;;"a) Ra Kyung- Su
b) Chang Myong Ho
c) Chang Myo’ ng-Ho
d) Chang Myong-HoUyruđu
e) Ra Kyong-Su

";645120196 (Kore Demokratik Halk Cumhuriyeti'nde verilmiţtir.);Tanchon Commercial Bank (TCB) yetkilisi;;KORE DEMOKRATÝK HALK CUMHURÝYETÝ;645120196 (Kore Demokratik Halk Cumhuriyeti'nde verilmiţtir.);;;;;8.11.1969;;24.02.2021-31405;24.2.2021/3578 
9;KÝM KWANG-IL ;;;;PS381420397;;;KORE DEMOKRATÝK HALK CUMHURÝYETÝ;22.01.2013;;;;;1.09.1969;;24.02.2021-31405;24.2.2021/3578 
10;YO'N CHO'NG NAM ;;;;;;;KORE DEMOKRATÝK HALK CUMHURÝYETÝ;22.01.2013;;;;;;;24.02.2021-31405;24.2.2021/3578 
11;IO  CH'O'L-CHAE ;;;;;;;KORE DEMOKRATÝK HALK CUMHURÝYETÝ;7.03.2013;;;;;;;24.02.2021-31405;24.2.2021/3578 
12;MUN CHO’NG-CII'O'L ;;;Mun Chong-Chol;;Tanchon Commercial Bank (TCB) yetkilisi;"C/O Tanchon Commercial
Bank, Pyongyang, Kore Demokratik Halk Cumhuriyeti, Saemaeul 1-Dong,
Pyongchon Bölgesi
";KORE DEMOKRATÝK HALK CUMHURÝYETÝ;7 Mart 2013 (26 Temmuz 2022 tarihinde gözden geçirilmiţtir.);;;;;23.12.1964;;24.02.2021-31405;24.2.2021/3578 
13;  CHOE CHUN-SIK  ;;;"a) Choe Chun Sik
b) Ch’oe Ch’un Sik
";;"a) Ýkinci Tabiat Bilimleri Akademisi'nin (Second Academy of Natural Sciences/SANS) eski müdürü
Kore Demokratik Halk Cumhuriyetinin uzun menzilli füze programýnýn eski baţkaný
";Kore Demokratik Halk Cumhuriyeti;KORE DEMOKRATÝK HALK CUMHURÝYETÝ;2 Mart 2016 (26 Temmuz 2022 tarihinde gözden geçirilmiţtir.);;;;;12.10.1954;;24.02.2021-31405;24.2.2021/3578 
14;CHOE SONGIL;;;;472320665-Ulusal kimlik no:563120356;;;KORE DEMOKRATÝK HALK CUMHURÝYETÝ;2.03.2016;;;;;;;24.02.2021-31405;24.2.2021/3578 
15;HYON KWANG;;;;;;;KORE DEMOKRATÝK HALK CUMHURÝYETÝ;2.03.2016;;;;;27.05.1961;;24.02.2021-31405;24.2.2021/3578 
16; JANG  BOM SU ;;;;836110034;;;KORE DEMOKRATÝK HALK CUMHURÝYETÝ;2.03.2016;;;;;15.04.1957;;24.02.2021-31405;24.2.2021/3578 
17;JANG YONG SON ;;;;563110024 (Kore Demokratik Halk Cumhuriyeti tarafýndan verilmiţtir.);"Kore Madencilik Geliţtirme ve Ticaret Kuruluţu (Korea Mining Development Trading Corporation/KOMID)
Temsilcisi
";;KORE DEMOKRATÝK HALK CUMHURÝYETÝ;"2 Mart 2016 (1 Haziran 2017 ve 26
Temmuz 2022 tarihlerinde gözden geçirilmiţtir.)
";;;;;20.02.1957;;24.02.2021-31405;24.2.2021/3578 
18; JON  MYONG GUK;;;;4721202031;;;KORE DEMOKRATÝK HALK CUMHURÝYETÝ;2.03.2016;;;;;18.10.1976;;24.02.2021-31405;24.2.2021/3578 
19;KANG MUN KIL ;;;" Jiang Wen-ji

";PS 472330208 (Expires 4 Temmuz 2017);;;KORE DEMOKRATÝK HALK CUMHURÝYETÝ;2 Mart 2016 (26 Temmuz 2022 tarihinde gözden geçirilmiţtir.;;;;;9.02.1963;;24.02.2021-31405;24.2.2021/3578 
20;KANG RYONG;;;;;"Kore Madencilik Geliţtirme ve Ticaret Kuruluţu (Korea Mining Development Trading Corporation/KOMID) Eski Suriye
Temsilcisi
";;KORE DEMOKRATÝK HALK CUMHURÝYETÝ;2.03.2016;;;;;21.08.1969;;24.02.2021-31405;24.2.2021/3578 
21;KIM JUNG JONG;;;;199421147-381110042-563210184;;;KORE DEMOKRATÝK HALK CUMHURÝYETÝ;2.03.2016;;;;;7.11.1966;;24.02.2021-31405;24.2.2021/3578 
22; KÝM  KYU;;;;;;;KORE DEMOKRATÝK HALK CUMHURÝYETÝ;2.03.2016;;;;;;;24.02.2021-31405;24.2.2021/3578 
23;KÝM TONG MY’ONG ;;;"a) Kim Chin-So’   b) Kim Tong-Myong
c) Kim Jin-Sok
d) Kim Hyok-Chol
e) Kim Tong-Myo’ng
f) Kim Tong Myong
g) Kim Hyok Chol
";290320764 (Kore Demokratik Halk Cumhuriyeti tarafýndan verilmiţtir.);Tanchon Commercial Bank Baţkaný;;KORE DEMOKRATÝK HALK CUMHURÝYETÝ;2 Mart 2016 (26 Temmuz 2022 tarihinde gözden geçirilmiţtir.);;;;;;;24.02.2021-31405;24.2.2021/3578 
24;KÝM YONG CHOL ;;;"a) Kim Yong-Chol
b) Kim Young-Chol
c) Kim Young-Cheol
Young-Chul
";472310168 (Kore Demokratik Halk Cumhuriyeti tarafýndan verilmiţtir.);KOMID Temsilcisi;;KORE DEMOKRATÝK HALK CUMHURÝYETÝ;2 Mart 2016 (1 Haziran 2017 ve 26 Temmuz 2022 tarihinde gözden geçirilmiţtir.);;;;;18.02.1962;;24.02.2021-31405;24.2.2021/3578 
25;KO TAE HUN ;;;a) Kim Myong Gi;563120630 (20 Mart 2018’e kadar geçerli);;;KORE DEMOKRATÝK HALK CUMHURÝYETÝ;2.03.2016;;;;;25.05.1972;;24.02.2021-31405;24.2.2021/3578 
26;RI MAN GON ;;;;PO381230469 (6 Nisan 2016'ya kadar geçerli);"Eski Mühimmat Sanayisi Departmaný
Bakaný
";;KORE DEMOKRATÝK HALK CUMHURÝYETÝ;2.03.2016;;;;;29.10.1945;;24.02.2021-31405;24.2.2021/3578 
27;RYU JIN;;;;563410081;;;KORE DEMOKRATÝK HALK CUMHURÝYETÝ;2.03.2016;;;;;7.08.1965;;24.02.2021-31405;24.2.2021/3578 
28;YUN CHOL ;;;;;Ulusal Havacýlýk Uzay Geliţtirme Kurumunun müdürü;Kore Demokratik Halk Cumhuriyeti;KORE DEMOKRATÝK HALK CUMHURÝYETÝ;2 Mart 2016 (26 Temmuz 2022 tarihinde gözden geçirilmiţtir.);;;;;8.08.1959;;24.02.2021-31405;24.2.2021/3578 
29;PAK CHUN IL ;;;;563410091;;;KORE DEMOKRATÝK HALK CUMHURÝYETÝ;30 Kasým 2016 (deđiţiklik 30 Haziran 2022);Pak Chun Il Kore Demokratik Halk Cumhuriyeti’nin Mýsýr Büyükelçisi olarak görev yaptý ve KOMID’e destek sađladý. 15 Kasým 2016’da görev süresini tamamlayarak Mýsýr’dan ayrýldý.;;;;28.07.1954;;24.02.2021-31405;24.2.2021/3578 
30; KÝM SONU CHOL ;;;;472310082;"a) Kore Demokratik Halk Cumhuriyeti’nin
Myanmar nezdindeki Eski Büyükelçisi
b) KOMID kolaylaţtýrýcýsý
";Myanmar;KORE DEMOKRATÝK HALK CUMHURÝYETÝ;30.11.2016;;;;;a) 26 Mart 1968 b) 15 Ekim 1970;;24.02.2021-31405;24.2.2021/3578 
31;SON JONG HYOK;;;;;;;KORE DEMOKRATÝK HALK CUMHURÝYETÝ;30.11.2016;;;;;20.05.1980;;24.02.2021-31405;24.2.2021/3578 
32; KÝM SE GON;;;;PD472310104 ;;;KORE DEMOKRATÝK HALK CUMHURÝYETÝ;30.11.2016;;;;;13.11.1969;;24.02.2021-31405;24.2.2021/3578 
33; RJ  WON HO ;;;;;;;KORE DEMOKRATÝK HALK CUMHURÝYETÝ;30.11.2016;;;;;;;24.02.2021-31405;24.2.2021/3578 
34;JO YONG CHOL;;;;;;;KORE DEMOKRATÝK HALK CUMHURÝYETÝ;30.11.2016;;;;;30.10.1937;;24.02.2021-31405;24.2.2021/3578 
35;KÝM CHOL SAM ;;;Jin Tiesan (#^H);645120378 (Kore Demokratik Halk Cumhuriyeti tarafýndan verilmiţtir.);Daedong Credit Bank (DCB) temsilcisi;;KORE DEMOKRATÝK HALK CUMHURÝYETÝ;30 Kasým 2016 (26 Temmuz 2022 tarihinde gözden geçirilmiţtir.);;;;;11.03.1971;;24.02.2021-31405;24.2.2021/3578 
36;KÝM SOK CHOL ;;;;;"a) Kore Demokratik Halk Cumhuriyeti’nin
Myanmar nezdinde Büyükelçisi olarak
görev üstlenmiţtir.
b) KOMID kolaylaţtýrýcýsý
";Myanmar;KORE DEMOKRATÝK HALK CUMHURÝYETÝ;30 Kasým 2016 (26 Temmuz 2022 tarihinde gözden geçirilmiţtir.);;;;;8.05.1955;;24.02.2021-31405;24.2.2021/3578 
37;CHANG CHANG HA;;;;;;;KORE DEMOKRATÝK HALK CUMHURÝYETÝ;30.11.2016;;;;;10.01.1964;;24.02.2021-31405;24.2.2021/3578 
38;CHO CHUN RYONG ;;;;;;;KORE DEMOKRATÝK HALK CUMHURÝYETÝ;30.11.2016;;;;;4.04.1960;;24.02.2021-31405;24.2.2021/3578 
39;SON MUN SAN;;;;;;;KORE DEMOKRATÝK HALK CUMHURÝYETÝ;30.11.2016;;;;;23.01.1951;;24.02.2021-31405;24.2.2021/3578 
40;CHO IL U;;;"a) Cho Il Woo
b) Cho Ch’o’l        c) Jo Chol
";736410010;Genel Keţif Bürosu’nun (Reconnaissance General Bureu) Beţinci Departman Müdürü;Kore Demokratik Halk Cumhuriyeti;KORE DEMOKRATÝK HALK CUMHURÝYETÝ;2 Haziran 2017 (26 Temmuz 2022 tarihinde gözden geçirilmiţtir.);;;;;10.05.1945;;24.02.2021-31405;24.2.2021/3578 
41; CHO YON CHUN ;;;a) Jo Yon Jun;;"Kore Ýţçi Partisi ve KDHC (Kore
Demokratik Halk Cumhuriyeti) ordusu için
kilit personel atamalarýný yöneten
Organizasyon ve Rehberlik Bölümü Baţkan Yardýmcýsý
";Kore Demokratik Halk Cumhuriyeti;KORE DEMOKRATÝK HALK CUMHURÝYETÝ;2 Haziran 2017 (26 Temmuz 2022 tarihinde gözden geçirilmiţtir.);;;;;28.09.1937;;24.02.2021-31405;24.2.2021/3578 
42;CHOE  HWI3;;;;;;;KORE DEMOKRATÝK HALK CUMHURÝYETÝ;2.06.2017;;;;;a) 1954 b) 1955 ;;24.02.2021-31405;24.2.2021/3578 
43; JO YONG-WON ;;;;108210124 (04.06.2023’e kadar geçerli);"a) Kore Ýţçi Partisi Organizasyon ve
Rehberlik Dairesi Sekreteri ve Baţkaný
b) Kore Ýţçi Partisi ve KDHC ordusu için
kilit personel atamalarýný yöneten Kore Ýţçi Partisi Organizasyon ve Rehberlik Bölümü Eski Baţkan Yardýmcýsý
";Kore Demokratik Halk Cumhuriyeti;KORE DEMOKRATÝK HALK CUMHURÝYETÝ;2.06.2017;;;;;24.10.1957;;24.02.2021-31405;24.2.2021/3578 
44; KÝM  CHOL NAM ;;;;563120238;;;KORE DEMOKRATÝK HALK CUMHURÝYETÝ;2.06.2017;;;;;19.02.1970;;24.02.2021-31405;24.2.2021/3578 
45;KÝM  KYONG OK ;;;;745310111;;;KORE DEMOKRATÝK HALK CUMHURÝYETÝ;2.06.2017;;;;;18.08.1969;;24.02.2021-31405;24.2.2021/3578 
46;KIM TONG HO;;;;745310111;;;KORE DEMOKRATÝK HALK CUMHURÝYETÝ;2.06.2017;;;;;18.08.1969;;24.02.2021-31405;24.2.2021/3578 
47;MIN BYONG CHOL;;;;;;;KORE DEMOKRATÝK HALK CUMHURÝYETÝ;2.06.2017;;;;;10.08..1948;;24.02.2021-31405;24.2.2021/3578 
48;PAEK SE BONG ;;;a) Paek Se Pong;;;;KORE DEMOKRATÝK HALK CUMHURÝYETÝ;2 Haziran 2017 (26 Temmuz 2022 tarihinde gözden geçirilmiţtir.);;;;;21.03.1938;;24.02.2021-31405;24.2.2021/3578 
49;PAK  HAN SE;;;;290410121;;;KORE DEMOKRATÝK HALK CUMHURÝYETÝ;2.06.2017;;;;;;;24.02.2021-31405;24.2.2021/3578 
50;  PAK TO CHUN ;;;"a) Pak Do Chun
b) Pak To’-Ch’un
";;;;KORE DEMOKRATÝK HALK CUMHURÝYETÝ;2 Haziran 2017 (26 Temmuz 2022 tarihinde gözden geçirilmiţtir.);;;;;9.03.1944;;24.02.2021-31405;24.2.2021/3578 
51;RI JAEIL ;;;RI Chae-Il;654310175;;;KORE DEMOKRATÝK HALK CUMHURÝYETÝ;2.06.2017;;;;;1 934;;24.02.2021-31405;24.2.2021/3578 
52;RI SU YONG;;;;654310175;;;KORE DEMOKRATÝK HALK CUMHURÝYETÝ;2.06.2017;;;;;;;24.02.2021-31405;24.2.2021/3578 
53;RI YONG MU ;;;a) Ri Yong-Mu;;;Kore Demokratik Halk Cumhuriyeti;KORE DEMOKRATÝK HALK CUMHURÝYETÝ;2 Haziran 2017 (26 Temmuz 2022 tarihinde gözden geçirilmiţtir.);;;;;25.01.l925 ;;24.02.2021-31405;24.2.2021/3578 
54;CHOE  CHUN YONG ;;;;654410078;;;KORE DEMOKRATÝK HALK CUMHURÝYETÝ;5.08.2017;;;;;;;24.02.2021-31405;24.2.2021/3578 
55; HAN JANG SU  ;;;Chang-Su Han;745420176;Dýţ Ticaret Bankasý Eski Temsilcisi;745420176 (19 Ekim 2020 tarihinde geçerliliđi sonlanmaktadýr);KORE DEMOKRATÝK HALK CUMHURÝYETÝ;5.08.2017;;;;;8.11.1969;;24.02.2021-31405;24.2.2021/3578 
56; JANG  SONG CHOL ;;;;;;;KORE DEMOKRATÝK HALK CUMHURÝYETÝ;5.08.2017;;;;;12.03.1967;;24.02.2021-31405;24.2.2021/3578 
57;JANG SUNG NAM ;;;;563120368;;;KORE DEMOKRATÝK HALK CUMHURÝYETÝ;5.08.2017;;;;;14.07.1970;;24.02.2021-31405;24.2.2021/3578 
58;JO CHOL SONG;;;Cho Ch’oT-so’ng;654320502 (16 Eylül 2019 tarihinde geçerliliđi sonlanýyor);"a) Kore Kvvangson Bankacýlýk Kurumu Temsilcisi
b) Eski Kore Kvvangson Bankacýlýk
Kurumu Temsilci Yardýmcýsý
";;KORE DEMOKRATÝK HALK CUMHURÝYETÝ;5.08.2017;;;;;25.09.1984;;24.02.2021-31405;24.2.2021/3578 
59;KANG CHOL SU ;;;;472234895;;;KORE DEMOKRATÝK HALK CUMHURÝYETÝ;5.08.2017;;;;;13.02.1969;;24.02.2021-31405;24.2.2021/3578 
60;KÝM  MUN CHOL ;;;;;;;KORE DEMOKRATÝK HALK CUMHURÝYETÝ;5.08.2017;;;;;25.03.1957;;24.02.2021-31405;24.2.2021/3578 
61;KÝM NAM UNG ;;;;654110043;;;KORE DEMOKRATÝK HALK CUMHURÝYETÝ;5.08.2017;;;;;;;24.02.2021-31405;24.2.2021/3578 
62;PAK KYU;;;;563120235;;;KORE DEMOKRATÝK HALK CUMHURÝYETÝ;5.08.2017;;;;;;;24.02.2021-31405;24.2.2021/3578 
63;PAK YONG SIK;;;a) Pak Yo’ng-sik;;"Eski Kore Ýţçi Partisi Merkez Askeri
Komisyonu Üyesi
";Kore Demokratik Halk Cumhuriyeti;KORE DEMOKRATÝK HALK CUMHURÝYETÝ;11 Eylül 2017 (26 Temmuz 2022 tarihinde gözden geçirilmiţtir.);;;;;1950;;24.02.2021-31405;24.2.2021/3578 
64;CH'OE SO’K MIN ;;;Choe Sok Min;;Eski Dýţ Ticaret Bankasý yurtdýţý temsilcisi;;KORE DEMOKRATÝK HALK CUMHURÝYETÝ;22.12.2017;;;;;25.07.1978;;24.02.2021-31405;24.2.2021/3578 
65;CHU HYO’K ;;;Ju Hyok;"836420186, 28 Ekim. 2016 tarihinde basýldý
(28 Ekim 2021 tarihinde kullaným süresi
dolmaktadýr)
";"Eski yurtdýţý Dýţ Ticaret Bankasý Temsilci
Yardýmcýsý
";;KORE DEMOKRATÝK HALK CUMHURÝYETÝ;22.12.2017;;;;;23.11.1986;;24.02.2021-31405;24.2.2021/3578 
66;KIM JONG SIK;;;;;;;KORE DEMOKRATÝK HALK CUMHURÝYETÝ;22.12.2017;;;;;1967-1969;;24.02.2021-31405;24.2.2021/3578 
67; KÝM  KYONGIL ;;;;836210029;;;KORE DEMOKRATÝK HALK CUMHURÝYETÝ;22.12.2017;;;;;1 Ađustosl979 ;;24.02.2021-31405;24.2.2021/3578 
68;KÝM TONG CHOL ;;;a) Kim Tong-ch’o’l;"a) 927234267
b) 108120258 (Demokratik Halk Cumhuriyeti tarafýndan 14 Ţubat 2018 tarihinde verilmiţtir. Son kullanma tarihi 14 Ţubat 2023)
";"Eski Dýţ Ticaret Bankasý yurtdýţý temsilci
yardýmcýsý
";;KORE DEMOKRATÝK HALK CUMHURÝYETÝ;22 Aralýk 2017 (26 Temmuz 2022 tarihinde gözden geçirilmiţtir.);;;;;28.01.1966;;24.02.2021-31405;24.2.2021/3578 
69;KO CHOL MAN;;;;472420180;;;KORE DEMOKRATÝK HALK CUMHURÝYETÝ;22.12.2017;;;;;30.09.1967;;24.02.2021-31405;24.2.2021/3578 
70; KU JA HYONG ;;;;;;;KORE DEMOKRATÝK HALK CUMHURÝYETÝ;22.12.2017;;;;;8.09.1957;;24.02.2021-31405;24.2.2021/3578 
71; MUN KYONG HWAN ;;;;381120660;;;KORE DEMOKRATÝK HALK CUMHURÝYETÝ;22.12.2017;;;;;22.08.1967;;24.02.2021-31405;24.2.2021/3578 
72;PAE WON UK ;;;;472120208;;;KORE DEMOKRATÝK HALK CUMHURÝYETÝ;22.12.2017;;;;;22.08.1969;;24.02.2021-31405;24.2.2021/3578 
73; PAK BONGNAM ;;;;;;;KORE DEMOKRATÝK HALK CUMHURÝYETÝ;22.12.2017;;;;;6 Mayýsl969 ;;24.02.2021-31405;24.2.2021/3578 
74; RI CHUN IIWAN ;;;;;;;KORE DEMOKRATÝK HALK CUMHURÝYETÝ;22.12.2017;;;;;;;24.02.2021-31405;24.2.2021/3578 
75;RI CHUN SONG;;;;654133553;;;KORE DEMOKRATÝK HALK CUMHURÝYETÝ;22.12.2017;;;;;30.10.1965;;24.02.2021-31405;24.2.2021/3578 
76;RI PYONG CHUL;;;;;a) Kore Ýţçi Partisi Merkezi Askeri Komisyonu Baţkan Yardýmcýsý  b) Ýţçi Partisi Eski Sekreteri ve Siyasi Bürosu Üyesi  c) Eski Kore Ýţci Partisi Siyasi Bürosu Yedek Üyesi ve Mühimmat Sanayi Departmaný Birinci Müdür Yardýmcýsý                ;;KORE DEMOKRATÝK HALK CUMHURÝYETÝ;22.12.2017;;;;;;;24.02.2021-31405;24.2.2021/3578 
77; RI SONG HYOK ;;;a) Li Cheng He;654234735 (Demokratik Halk Cumhuriyeti tarafýndan verilmiţtir.);Koryo Bankasý ve Koryo Kredi Kalkýnma Bankasý yurtdýţý temsilcisidir.;;KORE DEMOKRATÝK HALK CUMHURÝYETÝ;22 Aralýk 2017 (26 Temmuz 2022 tarihinde gözden geçirilmiţtir.);;;;;19.03.1965;;24.02.2021-31405;24.2.2021/3578 
78;RI U’N SO’NG ;;;"a) Ri Eun Song
b) Ri Un Song
";;Eski Kore Birleţme Kalkýnma Bankasý yurtdýţý temsilcisi;;KORE DEMOKRATÝK HALK CUMHURÝYETÝ;22.12.2017;;;;;23.08.1969;;24.02.2021-31405;24.2.2021/3578 
79;PAK  MUN ÝL ;;;PAK  MUN- ÝL ;563335509 (Kullaným süresi 27 Ađustos 2018 tarihinde dolmaktadýr);Eski Kore daesong  Bankasý yurtdýţý temsilcisi;;KORE DEMOKRATÝK HALK CUMHURÝYETÝ;22.12.2017;;;;;1.01.1965;;24.02.2021-31405;24.2.2021/3578 
80; TSANG  YUNG YUAN;;;;;;;KORE DEMOKRATÝK HALK CUMHURÝYETÝ;30.03.2018;;;;;20.10.1957;;24.02.2021-31405;24.2.2021/3578 
81;FEREIDOUN  ABBASI-DAVANI;;;;;;;ÝRAN  ;24.03.2007;;;;;;;24.02.2021-31405;24.2.2021/3578 
82;AZIM  AGHAJANI ;;;;6620505;;;ÝRAN  ;18.04.2012;;;;;;;24.02.2021-31405;24.2.2021/3578 
83;ALI AKBAR  AFIMADIAN ;;;;;;;ÝRAN  ;24.03.2007;;;;;;;24.02.2021-31405;24.2.2021/3578 
84; BA1IMANYAR MORTEZA  BAHMANYAR ;;;;10005159;;;ÝRAN  ;23.12.2006;;;;;31.12.1952;;24.02.2021-31405;24.2.2021/3578 
85;AHMED VAHID DASTJERDI;;;;A0002987;;;ÝRAN  ;23.12.2006;;;;;15.01.1954;;24.02.2021-31405;24.2.2021/3578 
86;AHMAD DERAKHSHANDEH ;;;;;;;ÝRAN  ;24.03.2007;;;;;11.08.1956;;24.02.2021-31405;24.2.2021/3578 
87; MOHAMMAD  ESLAMI;;;;;;;ÝRAN  ;3.03.2008;;;;;;;24.02.2021-31405;24.2.2021/3578 
88;REZA-GHOLI ESMAELI ;;;;A0002302;;;ÝRAN  ;23.12.2006;;;;;;;24.02.2021-31405;24.2.2021/3578 
89;MOHSEN FAKHRIZADEH-MAHABADI;;;;A0009228;;;ÝRAN  ;24.03.2007;;;;;;;24.02.2021-31405;24.2.2021/3578 
90;MOHAMMAD  HEJAZI;;;;;a) Tuđgeneral  b) Besic Direniţ Gücünün (Bassij resistance force)  Komutaný;;ÝRAN;24.03.2007 (17 Aralýk 2014 de gözden geçirilmiţtir.);a) Tuđgeneral  b) Besic Direniţ Gücünün (Bassij resistance force)  Komutaný Dođum Tarihi: 1959 Dođum yeri: Ýsfahan, Ýran ;;;;12.05.1905;;24.02.2021-31405;24.2.2021/3578
91;MOHSEN  HOJATI ;;;;G4506013;;;ÝRAN  ;24.03.2007;;;;;;;24.02.2021-31405;24.2.2021/3578 
92; MEHRDADA AKHLAGHJ  KETABACHI3;;;;A0030940;;;ÝRAN  ;24.03.2007;;;;;;;24.02.2021-31405;24.2.2021/3578 
93; NASER  MALEK;;;;A0003039-0035011785;;;ÝRAN  ;24.03.2007;;;;;;;24.02.2021-31405;24.2.2021/3578 
94; MOHAMMAD REZA  NAQDI ;;;;;;;ÝRAN  ;3.03.2008;;;;;;;24.02.2021-31405;24.2.2021/3578 
95;MOHAMMAD MEHDÝ NEJAD NOURI;;;;;;;ÝRAN  ;4.03.2008;;;;;;;24.02.2021-31405;24.2.2021/3578 
96; MORTEZA  REZAIE ;;;;;;;ÝRAN  ;24.03.2007;;;;;;;24.02.2021-31405;24.2.2021/3578 
97; MORTEZA  SAFARÝ ;;;;;;;ÝRAN  ;24.03.2007;;;;;;;24.02.2021-31405;24.2.2021/3578 
98;YAHYA RAHÝM SAFAVI ;;;;;;;ÝRAN;23.12.2006;;;;;;;24.02.2021-31405;24.2.2021/3578 
99;IIOSE1N  SALIMI ;;;;D08531177;;;ÝRAN;23.12.2006;;;;;;;24.02.2021-31405;24.2.2021/3578 
100;QASEM SOLEIMANI ;;;;8827;;;ÝRAN;24.03.2007;;;;;;;24.02.2021-31405;24.2.2021/3578 
101; ALI AKBAR  TABATABAEI ;;;;9003213-6620505 ;;;ÝRAN;18.04.2012;;;;;;;24.02.2021-31405;24.2.2021/3578 
102;MOHAMMAD REZA ZAHEDÝ ;;;;;;;ÝRAN;24.03.2007;;;;;;;24.02.2021-31405;24.2.2021/3578 
103; MOHAMMAD BAQER  ZOLQADR ;;;;;;;ÝRAN;24.03.2007;;;;;;;24.02.2021-31405;24.2.2021/3578 
104;"KORE MADENCÝLÝK GELÝŢTÝRME VE TÝCARET KURULUŢU (KOREA
MiMiMr: nBVEi HDÝUEMT TL
";;Tüzel Kiţi/Kuruluţ/Organizasyon;;;;;KORE DEMOKRATÝK HALK CUMHURÝYETÝ;24.04.2009;;;;;;;24.02.2021-31405;24.2.2021/3578 
105;"KORE RYONBONG GENERAL CORORAATION
";;Tüzel Kiţi/Kuruluţ/Organizasyon;;;;;KORE DEMOKRATÝK HALK CUMHURÝYETÝ;24.04.2009;;;;;;;24.02.2021-31405;24.2.2021/3578 
106;TANCHON COMMERCIAL BANK;;Tüzel Kiţi/Kuruluţ/Organizasyon;;;;;KORE DEMOKRATÝK HALK CUMHURÝYETÝ;24.04.2009;;;;;;;24.02.2021-31405;24.2.2021/3578 
107;NAMCHONGANG TRADING CORPORATION;;Tüzel Kiţi/Kuruluţ/Organizasyon;"a) NCG
b) NAMCHONGANG TRADING
c) NAM CHON GANG
CORPORATION
d) NOMCHONGANG TRADING CO.
e) NAM CHONG GAN TRADING
CORPORATION
f) Namhung Trading Corporation
g) Korea Daeryonggang Trading
Corporation
h) Korea Tearyonggang Trading
Corporation
";;"a) Chilsol, Pyonsyans, Kore Demokratik
Halk Cumhuriyeti
b) Sengujadong 11-2/(or Kwangbok-dong),
Mangyongdae District, Pyongyang, Kore
Demokratik Halk Cumhuriyeti
";;KORE DEMOKRATÝK HALK CUMHURÝYETÝ;"16 Temmuz 2009 (deđiţiklik 2 Mart 2016, 5
Haziran 2017, 26 Temmuz 2022)
";;;;;;;24.02.2021-31405;24.2.2021/3578 
108;HONG KONG ELECTRONICS;;Tüzel Kiţi/Kuruluţ/Organizasyon;;;;;KORE DEMOKRATÝK HALK CUMHURÝYETÝ;16.07.2009;;;;;;;24.02.2021-31405;24.2.2021/3578 
109;KORE HYOKSIN TRADING CORPORATION;;Tüzel Kiţi/Kuruluţ/Organizasyon;;;;;KORE DEMOKRATÝK HALK CUMHURÝYETÝ;16.07.2009;;;;;;;24.02.2021-31405;24.2.2021/3578 
110;ATOM ENERJÝSÝ GENEL BÜROSU (GENERAL BUREAU OF ATOMIC ENERGY/GBAE);;Tüzel Kiţi/Kuruluţ/Organizasyon;;;;;KORE DEMOKRATÝK HALK CUMHURÝYETÝ;16.07.2009;;;;;;;24.02.2021-31405;24.2.2021/3578 
111;KOREAN TANGUN TRADING CORPORATION;;Tüzel Kiţi/Kuruluţ/Organizasyon;"a) Kuryonggang Trading Corporation
b) Ryungseng Trading Corporation
c) Ryung
Seng Trading Corporation
d) Ryungsong Trading Corporation
e) Kore Kuryonggang Trading Corporation
";;;Pyongyang, Kore Demokratik Halk Cumhuriyeti;KORE DEMOKRATÝK HALK CUMHURÝYETÝ;16 Temmuz 2009 (deđiţiklik 26 Temmuz 2022);;;;;;;24.02.2021-31405;24.2.2021/3578 
112;AMROGGANG DEVELOPMENT BANKING CORPORATION;;Tüzel Kiţi/Kuruluţ/Organizasyon;;;;;KORE DEMOKRATÝK HALK CUMHURÝYETÝ;2.05.2012;;;;;;;24.02.2021-31405;24.2.2021/3578 
113;GREEN PINE ASSOCIATED CORPORATION;;Tüzel Kiţi/Kuruluţ/Organizasyon;;;;;KORE DEMOKRATÝK HALK CUMHURÝYETÝ;2.05.2012;;;;;;;24.02.2021-31405;24.2.2021/3578 
114;KOREA HEUNGJIN TRADING COMPANY;;Tüzel Kiţi/Kuruluţ/Organizasyon;;;;;KORE DEMOKRATÝK HALK CUMHURÝYETÝ;2.05.2012;;;;;;;24.02.2021-31405;24.2.2021/3578 
115;KORE UZAY TEKNOLOJÝSÝ KOMÝTESÝ- KOREAN COMMITTEEFOR SPACE TECHNOLOGY;;Tüzel Kiţi/Kuruluţ/Organizasyon;;;;;KORE DEMOKRATÝK HALK CUMHURÝYETÝ;22.01.2013;;;;;;;24.02.2021-31405;24.2.2021/3578 
116;BANK OF EAST LAND;;Tüzel Kiţi/Kuruluţ/Organizasyon;;;;;KORE DEMOKRATÝK HALK CUMHURÝYETÝ;22.01.2013;;;;;;;24.02.2021-31405;24.2.2021/3578 
117;KOREA KUMRYONG TRADING CORPORATION;;Tüzel Kiţi/Kuruluţ/Organizasyon;;;;;KORE DEMOKRATÝK HALK CUMHURÝYETÝ;22.01.2013;;;;;;;24.02.2021-31405;24.2.2021/3578 
118;TOSONG TECHNOLOGY TRADING CORPORATION;;Tüzel Kiţi/Kuruluţ/Organizasyon;;;;;KORE DEMOKRATÝK HALK CUMHURÝYETÝ;22.01.2013;;;;;;;24.02.2021-31405;24.2.2021/3578 
119;KOREA RYONHA MACHINERY JOINT VENTURE CORPORATION;;Tüzel Kiţi/Kuruluţ/Organizasyon;;;;;KORE DEMOKRATÝK HALK CUMHURÝYETÝ;22.01.2013;;;;;;;24.02.2021-31405;24.2.2021/3578 
120;LEADER (HONG KONG) INTERNATIONAL ;;Tüzel Kiţi/Kuruluţ/Organizasyon;;;;;KORE DEMOKRATÝK HALK CUMHURÝYETÝ;22.01.2013;;;;;;;24.02.2021-31405;24.2.2021/3578 
121;ÝKÝNCÝ DOĐA BÝLÝMLERÝ AKADEMÝSÝ ( SECOND ACADEMY OF NATURAL SCIENCES);;Tüzel Kiţi/Kuruluţ/Organizasyon;;;;;KORE DEMOKRATÝK HALK CUMHURÝYETÝ;7.03.2013;;;;;;;24.02.2021-31405;24.2.2021/3578 
122;KOREA COMPLEX EQUIPMENT IMPORT CORPORATION;;Tüzel Kiţi/Kuruluţ/Organizasyon;;;;;KORE DEMOKRATÝK HALK CUMHURÝYETÝ;7.03.2013;;;;;;;24.02.2021-31405;24.2.2021/3578 
123;OCEAN MARITIME MANAGEMENT COMPANY, LIMITED (OMM);;Tüzel Kiţi/Kuruluţ/Organizasyon;"a) East Sea Shipping Company;
b) Korea Mirae Shipping Co. Ltd
c) Haeyang Crew Management Company
";;;"a) Donghung Dong, Central District, PO
Box 120, Pyongyang, Kore Demokratik
Halk Cumhuriyeti
Dongheung-dong Changgwang Street, Chung-Ku, PO Box 125, Pyongyang, Kore Demokratik Halk Cumhuriyeti
";KORE DEMOKRATÝK HALK CUMHURÝYETÝ;28 Temmuz 2014 (deđiţiklik 26 Temmuz 2022);;;;;;;24.02.2021-31405;24.2.2021/3578 
124;ULUSAL SAVUNMA BÝLÝMÝ AKADEMÝSÝ (ACADEMY OF NATIONAL DEFENSE SCIENCE);;Tüzel Kiţi/Kuruluţ/Organizasyon;ÝKÝNCÝ DOĐA BÝLÝMLERÝ AKADEMÝSÝ(SECOND ACADEMY OF NATURAL SCÝENCES);;;PYONGYANG KORE DEMEKRATÝK HALK CUMHURÝYETÝ;KORE DEMOKRATÝK HALK CUMHURÝYETÝ;2.03.2016;;;;;;;24.02.2021-31405;24.2.2021/3578 
125;CHONGCHONGANG SHIPPING COMPANY;;Tüzel Kiţi/Kuruluţ/Organizasyon;"a) Chong Chon Gang Shipping Co. Ltd.
Chongchongang Shipping Co LTD
";;;"a) 817 Haeun, Donghung-dong, Central District, Pyongyang, Kore Demokratik Halk Cumhuriyeti
817, Haeum, Tonghun-dong, Chung-gu, Pyongyang, Kore Demokratik Halk Cumhuriyeti
";KORE DEMOKRATÝK HALK CUMHURÝYETÝ;2 Mart 2016 (deđiţiklik 26 Temmuz 2022);;;;;;;24.02.2021-31405;24.2.2021/3578 
126;DAEDONG CREDIT BANK (DCB);;Tüzel Kiţi/Kuruluţ/Organizasyon;"a) DCB
b) Taedong Credit Bank
c) Dae-Dong Credit Bank
";;;"a) Suite 401, Potonggang Hotel, Ansan- Dong, Pyongchon District, Pyongyang, Kore Demokratik Halk Cumhuriyeti
b) Ansandong, Botonggang Hotel,
Pongchon, Pyongyang, Kore Demokratik Halk Cumhuriyeti
";KORE DEMOKRATÝK HALK CUMHURÝYETÝ;2 Mart 2016 (deđiţiklik 26 Temmuz 2022);;;;;;;24.02.2021-31405;24.2.2021/3578 
127;HESONG TRADING COMPANY;;Tüzel Kiţi/Kuruluţ/Organizasyon;;;;;KORE DEMOKRATÝK HALK CUMHURÝYETÝ;2.03.2016;;;;;;;24.02.2021-31405;24.2.2021/3578 
128;KOREA KWANGSON BANKING CORPORATION (KKBC);;Tüzel Kiţi/Kuruluţ/Organizasyon;;;;;KORE DEMOKRATÝK HALK CUMHURÝYETÝ;2.03.2016;;;;;;;24.02.2021-31405;24.2.2021/3578 
129;KOREA KWANGSONG TRADING CORPORATION;;Tüzel Kiţi/Kuruluţ/Organizasyon;;;;;KORE DEMOKRATÝK HALK CUMHURÝYETÝ;2.03.2016;;;;;;;24.02.2021-31405;24.2.2021/3578 
130;ATOM ENERJÝSÝ SANAYÝ BAKANLIĐI (MINISTRY OF ATOMIC ENERGY INDUSTRY);;Tüzel Kiţi/Kuruluţ/Organizasyon;;;;;KORE DEMOKRATÝK HALK CUMHURÝYETÝ;2.03.2016;;;;;;;24.02.2021-31405;24.2.2021/3578 
131;MÜHÝMMAT ENDÜSTRÝSÝ DEPARTMANI (MUNITIONS INDUSTRY DEPARTMENT);;Tüzel Kiţi/Kuruluţ/Organizasyon;;;;Kore Demokratik Halk Cumhuriyeti;KORE DEMOKRATÝK HALK CUMHURÝYETÝ;2.03.2016;;;;;;;24.02.2021-31405;24.2.2021/3578 
132;ULUSAL UZAY-HAVACILIK TEKNOLOJÝ ÝDARESÝ (NATIONAL AEROSPACE TECHNOLOGY ADMINISTRATION );"a) ULUSAL UZAY-HAVACILIK GELÝŢTÝRME ÝDARESÝ (NATIONAL AEROSPACE DEVELOPMENT ADMINISTRATION)
b) NADA";Tüzel Kiţi/Kuruluţ/Organizasyon;NATA;;;Kore Demokratik Halk Cumhuriyeti;KORE DEMOKRATÝK HALK CUMHURÝYETÝ;2 Mart 2016 (Güncelleme: 15 Nisan 2024);NATA, Kore Demokratik Halk Cumhuriyeti uydu fýrlatma ve taţýyýcý roketler de dâhil olmak üzere uzay bilimi ve teknolojisinin geliţtirilmesinde yer almaktadýr.;;;;;;24.02.2021-31405;24.2.2021/3578 
133;39. ODA (OFFICE 39);;Tüzel Kiţi/Kuruluţ/Organizasyon;"a) Office #39
b) Office No. 39
c) Bureau 39
d) Central Committee Bureau 39
e) Third Floor
Division 39
";;;"a) Second KWP Government Building (Korean - Ch’o’ngsa, Urban Town (Korean- Dong), Chung Ward, Pyongyang,
Democratic People's Republic of Korea
b) Chung-Guyok (Central District), Sosong Street, Kyongrim-Dong, Pyongyang, Democratic People’s Republic of Korea
c) Changwang Street, Pyongyang
Democratic People’s Republic of Korea
";KORE DEMOKRATÝK HALK CUMHURÝYETÝ;2 Mart 2016 (deđiţiklik 26 Temmuz 2022);;;;;;;24.02.2021-31405;24.2.2021/3578 
134;GENEL KEŢÝF BÜROSU (RECONNAISSENCE GENERAL BUREAU);;Tüzel Kiţi/Kuruluţ/Organizasyon;;;;;KORE DEMOKRATÝK HALK CUMHURÝYETÝ;2.03.2016;;;;;;;24.02.2021-31405;24.2.2021/3578 
135;ÝKÝNCÝ ÝKTÝSAT KOMÝTESÝ (SECOND ECONOMIC COMMITTEE);;Tüzel Kiţi/Kuruluţ/Organizasyon;;;;;KORE DEMOKRATÝK HALK CUMHURÝYETÝ;2.03.2016;;;;;;;24.02.2021-31405;24.2.2021/3578 
136;KORE BÝRLEŢÝK KALKINMA BANKASI (KOREA UNITED DEVELOPMENT BANK);;Tüzel Kiţi/Kuruluţ/Organizasyon;;;;;KORE DEMOKRATÝK HALK CUMHURÝYETÝ;30.11.2016;;;;;;;24.02.2021-31405;24.2.2021/3578 
137;ILSIM INTERNATIONAL BANK;;Tüzel Kiţi/Kuruluţ/Organizasyon;;;;;KORE DEMOKRATÝK HALK CUMHURÝYETÝ;30.11.2016;;;;;;;24.02.2021-31405;24.2.2021/3578 
138;KOREA DAESONG BANK;;Tüzel Kiţi/Kuruluţ/Organizasyon;;;;;KORE DEMOKRATÝK HALK CUMHURÝYETÝ;30.11.2016;;;;;;;24.02.2021-31405;24.2.2021/3578 
139;SINGWANG ECONOMICS AND TRADING GENERAL CORPORATION;;Tüzel Kiţi/Kuruluţ/Organizasyon;;IMO number: 5905801.;;Kore Demokratik Halk Cumhuriyeti;KORE DEMOKRATÝK HALK CUMHURÝYETÝ;"30 Kasým 2016 (deđiţiklik 26 Temmuz
2022)
";"Singwang Economics and Trading General Corporation kömür ticareti yapan bir Kore Demokratik Halk Cumhuriyeti firmasýdýr. Kore Demokratik Halk Cumhuriyeti, dođal kaynaklarý çýkarýp bunlarý yurtdýţýna satarak nükleer ve balistik füze programlarý için gerekli paranýn/sermayenin önemli bir miktarýný sađlamaktadýr.

";;;;;;24.02.2021-31405;24.2.2021/3578 
140;KOREA FOREIGN TECHNICAL TRADE CENTER;;Tüzel Kiţi/Kuruluţ/Organizasyon;;;;;KORE DEMOKRATÝK HALK CUMHURÝYETÝ;30.11.2016;;;;;;;24.02.2021-31405;24.2.2021/3578 
141;KOREA PUGANG TRADING CORPORATION;;Tüzel Kiţi/Kuruluţ/Organizasyon;;;;;KORE DEMOKRATÝK HALK CUMHURÝYETÝ;30.11.2016;;;;;;;24.02.2021-31405;24.2.2021/3578 
142;KOREA INTERNATIONAL CHEMÝCAL JOINT VENTURE COMPANY;;Tüzel Kiţi/Kuruluţ/Organizasyon;;;;;KORE DEMOKRATÝK HALK CUMHURÝYETÝ;30.11.2016;;;;;;;24.02.2021-31405;24.2.2021/3578 
143;DCB FINANCE LIMITED;;Tüzel Kiţi/Kuruluţ/Organizasyon;;;;;KORE DEMOKRATÝK HALK CUMHURÝYETÝ;30.11.2016;;;;;;;24.02.2021-31405;24.2.2021/3578 
144;KORE TAESONG TÝCARET ŢÝRKETÝ (KOREA TAESONG TRADING COMPANY);;Tüzel Kiţi/Kuruluţ/Organizasyon;;;;;KORE DEMOKRATÝK HALK CUMHURÝYETÝ;30.11.2016;;;;;;;24.02.2021-31405;24.2.2021/3578 
145;KORE DAESONG GENEL TÝCARET KURULUŢU (KOREA DAESONG GENERAL TRADING CORPORATION);;Tüzel Kiţi/Kuruluţ/Organizasyon;"a) Daesong Ticaret
b) Daesong Ticaret Ţirketi
c) Kore Daesong Ticaret Ţirketi
Kore Daesong Ticaret Kuruluţu
";"Telephone: +850-2-181118208.
Fax: +850-2-381-4432.
Email: daesong@star-co.net.kp
";;Pulgan Gori Dong l, Potonggang District, Pyongyang City, Kore Demokratik Halk Cumhuriyeti;KORE DEMOKRATÝK HALK CUMHURÝYETÝ;"30 Kasým 2016 (deđiţiklik 26 Temmuz
2022)
";;;;;;;24.02.2021-31405;24.2.2021/3578 
146;KANGBONG TÝCARET KURULUŢU (KANGBONG TRADING CORPORATION);;Tüzel Kiţi/Kuruluţ/Organizasyon;;;;;KORE DEMOKRATÝK HALK CUMHURÝYETÝ;2.06.2017;;;;;;;24.02.2021-31405;24.2.2021/3578 
147;KORE KUMSAN TÝCARET KURULUŢU (KOREA KUMSAN TRADING CORPORATION);;Tüzel Kiţi/Kuruluţ/Organizasyon;"a) Daesong Ticaret
b) Daesong Ticaret Ţirketi
c) Kore Daesong Ticaret Ţirketi
d) Kore Daesong Ticaret Kuruluţu
";"Telephone: +850-218111-8550
Fax: +850-2-381-4410/4416
Email: mhs-ip@star-co.net.kp.
";;Haeun 2-dong, Pyogchon District, Pyongyang City/Mangyongdae, Kore Demokratik Halk Cumhuriyeti;KORE DEMOKRATÝK HALK CUMHURÝYETÝ;"2 Haziran 2017 (deđiţiklik 26 Temmuz
2022)
";;;;;;;24.02.2021-31405;24.2.2021/3578 
148;KORYO BANK;;Tüzel Kiţi/Kuruluţ/Organizasyon;"
";;;Koryo Bank Building, Pulgun Street, Pyongyang, Kore Demokratik Halk Cumhuriyeti;KORE DEMOKRATÝK HALK CUMHURÝYETÝ;"2 Haziran 2017 (deđiţiklik 26 Temmuz
2022)
";;;;;;;24.02.2021-31405;24.2.2021/3578 
149;KORE HALK ORDUSUNUN (KHO) STRATEJÝK ROKET GÜCÜ (STRATEGIC ROCKET FORCE OF THE KOREAN PEOPLE'S ARMY);;Tüzel Kiţi/Kuruluţ/Organizasyon;;;;;KORE DEMOKRATÝK HALK CUMHURÝYETÝ;2.06.2017;;;;;;;24.02.2021-31405;24.2.2021/3578 
150;DIŢ TÝCARET BANKASI (FOREIGN TRADE BANK/FTB);;Tüzel Kiţi/Kuruluţ/Organizasyon;"a) Mooyokbank
Korea Trading Bank
";SWIFT/BIC: FTBDKPPY;;FTB Building, Jungsong-dong, Central District, Pyongyang, Kore Demokratik Halk Cumhuriyeti;KORE DEMOKRATÝK HALK CUMHURÝYETÝ;"5 Ađustos 2017 (deđiţiklik 26 Temmuz
2022)
";;;;;;;24.02.2021-31405;24.2.2021/3578 
151;KORE ULUSAL SÝGORTA ŢÝRKETÝ (KOREAN NATIONAL INSURANCE COMPANY/KNIC );;Tüzel Kiţi/Kuruluţ/Organizasyon;;;;;KORE DEMOKRATÝK HALK CUMHURÝYETÝ;5.08.2017;;;;;;;24.02.2021-31405;24.2.2021/3578 
152;KORYO KALKINMA KREDÝ BANKASI (KORYO CREDIT DEVELOPMENT BANK);;Tüzel Kiţi/Kuruluţ/Organizasyon;;;;;KORE DEMOKRATÝK HALK CUMHURÝYETÝ;5.08.2017;;;;;;;24.02.2021-31405;24.2.2021/3578 
153;MANSUDAE DENÝZAŢIRI ŢÝRKETLER PROJE GRUBU (MANSUDAE OVERSEAS PROJECT GROUP OF COMPANIES);;Tüzel Kiţi/Kuruluţ/Organizasyon;"a) Daesong Ticaret
b) Daesong Ticaret Ţirketi
c) Kore Daesong Ticaret Ţirketi
d) Kore Daesong Ticaret Kuruluţu
";;;Yanggakdo International Hotel, RYUS, Pyongyang, Kore Demokratik Halk Cumhuriyeti;KORE DEMOKRATÝK HALK CUMHURÝYETÝ;5 Ađustos 2017 (deđiţiklik 26 Temmuz 2022);;;;;;;24.02.2021-31405;24.2.2021/3578 
154;KORE ÝŢÇÝ PARTÝSÝ MERKEZÝ ASKERÝ KOMÝSYONU (CENTRAL MILITARY COMMISSIONOF THE WORKER'S PARTY OF KOREA/CMC);;Tüzel Kiţi/Kuruluţ/Organizasyon;;;;;KORE DEMOKRATÝK HALK CUMHURÝYETÝ;11.09.2017;;;;;;;24.02.2021-31405;24.2.2021/3578 
155;ORGANÝZASYON VE REHBERLÝK BÝRÝMÝ (ORGANIZATION AND GUIDANCE DEPARTMENT/OGD);;Tüzel Kiţi/Kuruluţ/Organizasyon;;;;;KORE DEMOKRATÝK HALK CUMHURÝYETÝ;11.09.2017;;;;;;;24.02.2021-31405;24.2.2021/3578 
156;PROPAGANDA VE AJÝTASYON BÝRÝMÝ (PROPAGANDA AND AGITATION DEPARTMENT/OGD);;Tüzel Kiţi/Kuruluţ/Organizasyon;;;;;KORE DEMOKRATÝK HALK CUMHURÝYETÝ;11.09.2017;;;;;;;24.02.2021-31405;24.2.2021/3578 
157;MÝLLÝ SAVUNMA BAKANLIĐI (MINISTRY OF NATIONAL DEFENCE);HALK SÝLAHLI KUVVETLERÝ BAKANLIĐI (MINISTRY OF THE PEOPLE’S ARMED FORCES /MPAF);Tüzel Kiţi/Kuruluţ/Organizasyon;"a) Ministry of Natýonal Defense (Milli Savunma Bakanlýđý)
b) Ministry of Defence (Savunma Bakanlýđý)
c) Ministry of Defense (Savunma Bakanlýđý          ";;;Pyongyang, Kore Demokratik Halk Cumhuriyeti;KORE DEMOKRATÝK HALK CUMHURÝYETÝ;22.12.2017;Milli Savunma Bakanlýđý, Kore Halk Ordusu’nun genel idari ve lojistik ihtiyaçlarýný yönetmektedir.;;;;;;24.02.2021-31405;24.2.2021/3578 
158;CHANG AN NAKLÝYE VE TEKNOLOJÝ (CHANG AN SHIPPING & TECHNOLOGY);;Tüzel Kiţi/Kuruluţ/Organizasyon;;;;;KORE DEMOKRATÝK HALK CUMHURÝYETÝ;30.03.2018;;;;;;;24.02.2021-31405;24.2.2021/3578 
159;CHONMYONG NAKLÝYE ŢÝRKETÝ (CHONMYONG SHIPPING CO);;Tüzel Kiţi/Kuruluţ/Organizasyon;;"
IMO number: 5571322
";;"a) Kalrimgil 2-dong, Mangyongdaeguyok, Pyongyang, Kore Demokratik Halk Cumhuriyeti
b) Saemaul 2-dong, Pyongchon-guyok, Pyongyang, Kore Demokratik Halk Cumhuriyeti
";KORE DEMOKRATÝK HALK CUMHURÝYETÝ;30 Mart 2018 (deđiţiklik 26 Temmuz 2022);;;;;;;24.02.2021-31405;24.2.2021/3578 
160;FIRST OIL JV LTD. ŢTÝ. (FIRST OIL JV CO LTD);;Tüzel Kiţi/Kuruluţ/Organizasyon;"a) Daesong Ticaret
b) Daesong Ticaret Ţirketi
c) Kore Daesong Ticaret Ţirketi
Kore Daesong Ticaret Kuruluţu
";IMO number: 5963351;;Pulgan Gori Dong l, Potonggang District, Pyongyang City, Kore Demokratik Halk Cumhuriyeti;KORE DEMOKRATÝK HALK CUMHURÝYETÝ;30 Mart 2018 (deđiţiklik 26 Temmuz 2022);;;;;;;24.02.2021-31405;24.2.2021/3578 
161;HAPJANGGANG NAKLÝYE KURULUŢU (HAPJANGGANG SHIPPING CORP);;Tüzel Kiţi/Kuruluţ/Organizasyon;;IMO number: 5787684;;Kumsong 3-dong, Mangyongdae-guyok, Pyongyang, Kore Demokratik Halk Cumhuriyeti;KORE DEMOKRATÝK HALK CUMHURÝYETÝ;"30 Mart 2018 (deđiţiklik 26 Temmuz 2022)

";;;;;;;24.02.2021-31405;24.2.2021/3578 
162;HUAXIN NAKLÝYE HONGKONG LTD (HUAXIN SHIPPING HONGKONG LTD);;Tüzel Kiţi/Kuruluţ/Organizasyon;;;;;ÇÝN;30.08.2018;;;;;;;24.02.2021-31405;24.2.2021/3578 
163;KINGLY WON INTERNATIONAL LTD. ŢTÝ. (KINGLY WON INTERNATIONAL CO., LTD);;Tüzel Kiţi/Kuruluţ/Organizasyon;;;;;MARSHALL ADALARI;30.03.2018;;;;;;;24.02.2021-31405;24.2.2021/3578 
164;KORE ACHIM NAKLÝYE ŢÝRKETÝ (KOREA ACHIM SHIPPING CO);;Tüzel Kiţi/Kuruluţ/Organizasyon;;IMO number: 5936312;;Sochang-dong, Chung-guyok, Pyongyang, Kore Demokratik Halk Cumhuriyeti;KORE DEMOKRATÝK HALK CUMHURÝYETÝ;"30 Mart 2018 (deđiţiklik 26 Temmuz 2022)

";;;;;;;24.02.2021-31405;24.2.2021/3578 
165;KORE ANSAN NAKLÝYE ŢÝRKETÝ (KOREA ANSAN SHIPPING COMPANY);;Tüzel Kiţi/Kuruluţ/Organizasyon;;IMO number: 5676084;;Pyongchon 1-dong, Pyongchon-guyok, Pyongyang, Kore Demokratik Halk Cumhuriyeti;KORE DEMOKRATÝK HALK CUMHURÝYETÝ;"30 Mart 2018 (deđiţiklik 26 Temmuz 2022)

";;;;;;;24.02.2021-31405;24.2.2021/3578 
166;KORE MYONGDOK NAKLÝYE ŢÝRKETÝ (KOREA MYONGDOK SHIPPING CO);;Tüzel Kiţi/Kuruluţ/Organizasyon;;IMO number: 5985863;;Chilgol 2-dong Mangyongdae-guyok, Pyongyang, Kore Demokratik Halk Cumhuriyeti;KORE DEMOKRATÝK HALK CUMHURÝYETÝ;"30 Mart 2018 (deđiţiklik 26 Temmuz 2022)

";;;;;;;24.02.2021-31405;24.2.2021/3578 
167;KORE SAMJONG NAKLÝYE  (KOREA SAMJONG SHIPPING);;Tüzel Kiţi/Kuruluţ/Organizasyon;;IMO number: 5954061;;;KORE DEMOKRATÝK HALK CUMHURÝYETÝ;"30 Mart 2018 (deđiţiklik 26 Temmuz 2022)

";;;;;;;24.02.2021-31405;24.2.2021/3578 
168;KORE SAMMA NAKLÝYE ŢÝRKETÝ ( KOREA SAMMA SHIPPING CO);;Tüzel Kiţi/Kuruluţ/Organizasyon;Korea Samma SHPG CO;IMO number: 5145892;;;KORE DEMOKRATÝK HALK CUMHURÝYETÝ;"30 Mart 2018 (deđiţiklik 26 Temmuz 2022)

";;;;;;;24.02.2021-31405;24.2.2021/3578 
169;KORE YUJONG NAKLÝYE LTD ŢTÝ (KOREA YUJONG SHIPPING CO LTD);;Tüzel Kiţi/Kuruluţ/Organizasyon;;;;;KORE DEMOKRATÝK HALK CUMHURÝYETÝ;30.03.2018;;;;;;;24.02.2021-31405;24.2.2021/3578 
170;KOTI KURULUŢU ( KOTI CORP);;Tüzel Kiţi/Kuruluţ/Organizasyon;;IMO number: 5982254;;;PANAMA;"30 Mart 2018 (deđiţiklik 26 Temmuz 2022)

";;;;;;;24.02.2021-31405;24.2.2021/3578 
171;MYOHYANG NAKLÝYE ŢÝRKETÝ (MYOHYANG SHIPPING CO);;Tüzel Kiţi/Kuruluţ/Organizasyon;;IMO number: 5988369;;;KORE DEMOKRATÝK HALK CUMHURÝYETÝ;"30 Mart 2018 (deđiţiklik 26 Temmuz 2022)

";;;;;;;24.02.2021-31405;24.2.2021/3578 
172;PAEKMA NAKLÝYE ŢÝRKETÝ (PAEKMA SHIPPING CO);;Tüzel Kiţi/Kuruluţ/Organizasyon;;;;;KORE DEMOKRATÝK HALK CUMHURÝYETÝ;30.03.2018;;;;;;;24.02.2021-31405;24.2.2021/3578 
173;PHYONGCHON NAKLÝYE VE DENÝZCÝLÝK (PHYONGCHON SHIPPING & MARINE);;Tüzel Kiţi/Kuruluţ/Organizasyon;;IMO number: 5878561;;;KORE DEMOKRATÝK HALK CUMHURÝYETÝ;"30 Mart 2018 (deđiţiklik 26 Temmuz 2022)

";;;;;;;24.02.2021-31405;24.2.2021/3578 
174;PRO-GAIN GRUP ŢÝRKETÝ (PRO-GAIN GROUP CORPORATION);;Tüzel Kiţi/Kuruluţ/Organizasyon;;;;;KORE DEMOKRATÝK HALK CUMHURÝYETÝ;30.03.2018;;;;;;;24.02.2021-31405;24.2.2021/3578 
175;ŢANHAY DONGFENG NAKLÝYE LTD. ŢTÝ (SHANGHAI DONGFENG SHIPPING CO LTD);;Tüzel Kiţi/Kuruluţ/Organizasyon;;;;;ÇÝN;30.03.2018;;;;;;;24.02.2021-31405;24.2.2021/3578 
176;SHEN ZHONG ULUSLARARASI NAKLÝYE (SHEN ZHONG INTERNATIONAL SHIPPING);;Tüzel Kiţi/Kuruluţ/Organizasyon;;;;;ÇÝN;30.03.2018;;;;;;;24.02.2021-31405;24.2.2021/3578 
177;WEIHAI DÜNYA NAKLÝYE NAVLUN (WEIHAI WORLD-SHIPPING FREIGHT);;Tüzel Kiţi/Kuruluţ/Organizasyon;;;;419-201, Tongyi Lu, Huancui Qu, Weihai, Shandong, 264200, Çin;ÇÝN;30 Mart 2018 (deđiţiklik 23 Mayýs 2018, 14 Eylül 2022);"
27 Ekim 2017 tarihinde KDHC Tean’da kömür yüklenen gemi XIN GUANG’ýn gemi ve ticaret yöneticisidir. 14 Kasým 2017 tarihinde Cham Pha Vietnam’a Elektronik Seyahat Ýzni vardýr ancak ulaţmamýţtýr. IMO no: 5905801
";;;;;;24.02.2021-31405;24.2.2021/3578 
178;YUK TUNG ENERJÝ ÖZEL LÝMÝTED ŢÝRKET (YUK TUNG ENERGY PTE LTD);;Tüzel Kiţi/Kuruluţ/Organizasyon;;IMO number: 5987860;;;SÝNGAPUR;"30 Mart 2018 (deđiţiklik 26 Temmuz 2022)

";;;;;;;24.02.2021-31405;24.2.2021/3578 
179;7TH OF TIR;;Tüzel Kiţi/Kuruluţ/Organizasyon;;;;;ÝRAN;23.12.2006;;;;;;;24.02.2021-31405;24.2.2021/3578 
180;ABZAR BORESH KAVEH CO. (BK CO.);;Tüzel Kiţi/Kuruluţ/Organizasyon;;;;;ÝRAN;3.03.2008;;;;;;;24.02.2021-31405;24.2.2021/3578 
181;AMIN INDUSTRIAL COMPLEX;;Tüzel Kiţi/Kuruluţ/Organizasyon;;;;;ÝRAN;9.04.2010;;;;;;;24.02.2021-31405;24.2.2021/3578 
182;AMMUNITION AND METALLURGY INDUSTRIES GROUP (AMIG) ;;Tüzel Kiţi/Kuruluţ/Organizasyon;;;;;ÝRAN;24.03.2007;;;;;;;24.02.2021-31405;24.2.2021/3578 
183;ARMAMENT INDUS TRIES GROUP (AIG);;Tüzel Kiţi/Kuruluţ/Organizasyon;;;;;ÝRAN;9.06.2010;;;;;;;24.02.2021-31405;24.2.2021/3578 
184;BARZAGAN1 TEJARAT TAVANMAD SACCAL COMPANIES;;Tüzel Kiţi/Kuruluţ/Organizasyon;;;;;ÝRAN;3.03.2008;;;;;;;24.02.2021-31405;24.2.2021/3578 
185;BEHINEH TRADING CO;;Tüzel Kiţi/Kuruluţ/Organizasyon;;;;;ÝRAN;18.04.2012;;;;;;;24.02.2021-31405;24.2.2021/3578 
186;DEFENCE INDUSTRIES ORGANISATION (DIO);;Tüzel Kiţi/Kuruluţ/Organizasyon;;;;;ÝRAN;3.06.2016;;;;;;;24.02.2021-31405;24.2.2021/3578 
187;DEFENSE TECHNOLOGY AND SCIENCE RESEARCH ÇENTER (DTSRC);;Tüzel Kiţi/Kuruluţ/Organizasyon;;;;;ÝRAN;19.07.2020;;;;;;;24.02.2021-31405;24.2.2021/3578 
188;CRUISE M1SS1LE INDUSTRY GROUP;;Tüzel Kiţi/Kuruluţ/Organizasyon;;;;;ÝRAN;24.03.2007;;;;;;;24.02.2021-31405;24.2.2021/3578 
189;DOOSTAN INTERNATIONAL COMPANY (DICO);;Tüzel Kiţi/Kuruluţ/Organizasyon;;;;;ÝRAN;9.06.2010;;;;;;;24.02.2021-31405;24.2.2021/3578 
190;ELECTRO SANAM COMPANY;;Tüzel Kiţi/Kuruluţ/Organizasyon;;;;;ÝRAN;3.03.2008;;;;;;;24.02.2021-31405;24.2.2021/3578 
191;ETTEHAD TECHNICAL GROUP;;Tüzel Kiţi/Kuruluţ/Organizasyon;;;;;ÝRAN;3.03.2008;;;;;;;24.02.2021-31405;24.2.2021/3578 
192;FAJR TNDUSTRIAL GROUP;;Tüzel Kiţi/Kuruluţ/Organizasyon;;;;;ÝRAN;23.12.2006;;;;;;;24.02.2021-31405;24.2.2021/3578 
193;FARASAKHT INDUSTRIES;;Tüzel Kiţi/Kuruluţ/Organizasyon;;;;;ÝRAN;9.06.2010;;;;;;;24.02.2021-31405;24.2.2021/3578 
194;FARAYAND TECHNIQUE;;Tüzel Kiţi/Kuruluţ/Organizasyon;;;;;ÝRAN;23.12.2006;;;;;;;24.02.2021-31405;24.2.2021/3578 
195;FATER INSTITIJTE;;Tüzel Kiţi/Kuruluţ/Organizasyon;;;;;ÝRAN;9.06.2010;;;;;;;24.02.2021-31405;24.2.2021/3578 
196;GHORB KARBALA;;Tüzel Kiţi/Kuruluţ/Organizasyon;;;;;ÝRAN;9.06.2010;;;;;;;24.02.2021-31405;24.2.2021/3578 
197;GHARAGAHE SAZANDEGI GHAEM;;Tüzel Kiţi/Kuruluţ/Organizasyon;;;;;ÝRAN;;;;;;;;24.02.2021-31405;24.2.2021/3578 
198;GHORB NOHO;;Tüzel Kiţi/Kuruluţ/Organizasyon;;;;;ÝRAN;9.06.2010;;;;;;;24.02.2021-31405;24.2.2021/3578 
199;HARA COMPANY;;Tüzel Kiţi/Kuruluţ/Organizasyon;;;;;ÝRAN;9.06.2010;;;;;;;24.02.2021-31405;24.2.2021/3578 
200;IMENSAZAN CONSULDANT ENGINEERS INSTITUTE;;Tüzel Kiţi/Kuruluţ/Organizasyon;;;;;ÝRAN;9.06.2010;;;;;;;24.02.2021-31405;24.2.2021/3578 
201;INDUSTRIAL FACTORIES OF PRECISION(IFP) MACHINERY;;Tüzel Kiţi/Kuruluţ/Organizasyon;;;;;ÝRAN;3.03.2008;;;;;;;24.02.2021-31405;24.2.2021/3578 
202;JOZA INDUSTRIAL CO.;;Tüzel Kiţi/Kuruluţ/Organizasyon;;;;;ÝRAN;3.03.2008;;;;;;;24.02.2021-31405;24.2.2021/3578 
203;KALA-ELECTRIK;;Tüzel Kiţi/Kuruluţ/Organizasyon;;;;;ÝRAN;23.12.2006;;;;;;;24.02.2021-31405;24.2.2021/3578 
204;KAVEH CUTTING TOOLS COMPANY;;Tüzel Kiţi/Kuruluţ/Organizasyon;;;;;ÝRAN;9.06.2010;;;;;;;24.02.2021-31405;24.2.2021/3578 
205;KHATATM AL-ANBIYA CONSTRUCTION HEADQUARTERS (KAA);;Tüzel Kiţi/Kuruluţ/Organizasyon;;;;;ÝRAN;9.06.2010;;;;;;;24.02.2021-31405;24.2.2021/3578 
206;KHORASAN METALLURGY INDUSTRIES;;Tüzel Kiţi/Kuruluţ/Organizasyon;;;;;ÝRAN;3.03.2008;;;;;;;24.02.2021-31405;24.2.2021/3578 
207;M. BABAIE INDUSTRIES;;Tüzel Kiţi/Kuruluţ/Organizasyon;;;;;ÝRAN;9.06.2010;;;;;;;24.02.2021-31405;24.2.2021/3578 
208;MAKIN;;Tüzel Kiţi/Kuruluţ/Organizasyon;;;;;ÝRAN;9.06.2010;;;;;;;24.02.2021-31405;24.2.2021/3578 
209;MALEK ASHTAR UNIVERSITY;;Tüzel Kiţi/Kuruluţ/Organizasyon;;;;;ÝRAN;9.06.2010;;;;;;;24.02.2021-31405;24.2.2021/3578 
210;MINISTRY OF DEFENSE LOGISTICS EXPORT;;Tüzel Kiţi/Kuruluţ/Organizasyon;;;;;ÝRAN;9.06.2010;;;;;;;24.02.2021-31405;24.2.2021/3578 
211;MIZAN MACHINERY MANUFACTURING;;Tüzel Kiţi/Kuruluţ/Organizasyon;;;;;ÝRAN;9.06.2010;;;;;;;24.02.2021-31405;24.2.2021/3578 
212;NIRU BATTERY MANUFACTURING COMPANY;;Tüzel Kiţi/Kuruluţ/Organizasyon;;;;;ÝRAN;3.03.2008;;;;;;;24.02.2021-31405;24.2.2021/3578 
213;OMRAN SAHEL;;Tüzel Kiţi/Kuruluţ/Organizasyon;;;;;ÝRAN;9.06.2010;;;;;;;24.02.2021-31405;24.2.2021/3578 
214;ORIENTAL OIL KISH;;Tüzel Kiţi/Kuruluţ/Organizasyon;;;;;ÝRAN;9.06.2010;;;;;;;24.02.2021-31405;24.2.2021/3578 
215;PARCHIN CHEMICAL INDUSTRIES;;Tüzel Kiţi/Kuruluţ/Organizasyon;;;;;ÝRAN;24.03.2007;;;;;;;24.02.2021-31405;24.2.2021/3578 
216;PARS AVIATION SERVICES COMPANY;;Tüzel Kiţi/Kuruluţ/Organizasyon;;;;;ÝRAN;24.03.2007;;;;;;;24.02.2021-31405;24.2.2021/3578 
217;PEJMAN INDUSTRIAL SERVICES CORPORATION;;Tüzel Kiţi/Kuruluţ/Organizasyon;;;;;ÝRAN;9.06.2010;;;;;;;24.02.2021-31405;24.2.2021/3578 
218;QODS AERONAUTICS INDUSTRIES;;Tüzel Kiţi/Kuruluţ/Organizasyon;;;;;ÝRAN;24.03.2007;;;;;;;24.02.2021-31405;24.2.2021/3578 
219;RAH SAHEL;;Tüzel Kiţi/Kuruluţ/Organizasyon;;;;;ÝRAN;9.06.2010;;;;;;;24.02.2021-31405;24.2.2021/3578 
220;RAHAB ENGINEERING INSTITUTE;;Tüzel Kiţi/Kuruluţ/Organizasyon;;;;;ÝRAN;9.06.2010;;;;;;;24.02.2021-31405;24.2.2021/3578 
221;SABALAN COMPANY;;Tüzel Kiţi/Kuruluţ/Organizasyon;;;;;ÝRAN;9.06.2010;;;;;;;24.02.2021-31405;24.2.2021/3578 
222;SAD IMPORT EXPORT COMPANY;;Tüzel Kiţi/Kuruluţ/Organizasyon;;;;;ÝRAN;20.12.2012;;;;;;;24.02.2021-31405;24.2.2021/3578 
223;SAFETY EQUIPMENT PROCUREMENT (SEP);;Tüzel Kiţi/Kuruluţ/Organizasyon;;;;;ÝRAN;3.03.2008;;;;;;;24.02.2021-31405;24.2.2021/3578 
224;SAHAND ALUMINUM PARTS INDUSTRIAL COMPANY (SAPICO);;Tüzel Kiţi/Kuruluţ/Organizasyon;;;;;ÝRAN;9.06.2010;;;;;;;24.02.2021-31405;24.2.2021/3578 
225;SAHEL CONSULTANT ENGINEERS;;Tüzel Kiţi/Kuruluţ/Organizasyon;;;;;ÝRAN;9.06.2010;;;;;;;24.02.2021-31405;24.2.2021/3578 
226;SANAM INDUSTRIAL GROUP;;Tüzel Kiţi/Kuruluţ/Organizasyon;;;;;ÝRAN;24.03.2007;;;;;;;24.02.2021-31405;24.2.2021/3578 
227;SEPANIR;;Tüzel Kiţi/Kuruluţ/Organizasyon;;;;;ÝRAN;9.06.2010;;;;;;;24.02.2021-31405;24.2.2021/3578 
228;SEPASAD ENGINEERING COMPANY;;Tüzel Kiţi/Kuruluţ/Organizasyon;;;;;ÝRAN;9.06.2010;;;;;;;24.02.2021-31405;24.2.2021/3578 
229;SHAHID BAGHERI INDUSTRIAL GROUP(SBIG);;Tüzel Kiţi/Kuruluţ/Organizasyon;;;;;ÝRAN;23.12.2006;;;;;;;24.02.2021-31405;24.2.2021/3578 
230;SHAHID HEMMAT INDUSTRIAL GROUP (SHIG);;Tüzel Kiţi/Kuruluţ/Organizasyon;;;;;ÝRAN;23.12.2006;;;;;;;24.02.2021-31405;24.2.2021/3578 
231;SHAHID KARRAZI INDUSTRIES ;;Tüzel Kiţi/Kuruluţ/Organizasyon;;;;;ÝRAN;9.06.2010;;;;;;;24.02.2021-31405;24.2.2021/3578 
232;SHAHID SATTARI INDUSTRIES ;;Tüzel Kiţi/Kuruluţ/Organizasyon;;;;;ÝRAN;9.06.2010;;;;;;;24.02.2021-31405;24.2.2021/3578 
233;SHAHID SAYYADE SHIRAZI INDUSTRIES (SSSI);;Tüzel Kiţi/Kuruluţ/Organizasyon;;;;;ÝRAN;9.06.2010;;;;;;;24.02.2021-31405;24.2.2021/3578 
234;SHO'A'AVIATION;;Tüzel Kiţi/Kuruluţ/Organizasyon;;;;;ÝRAN;24.03.2007;;;;;;;24.02.2021-31405;24.2.2021/3578 
235;SPECIAL INDUSTRIES GROUP (SIG);;Tüzel Kiţi/Kuruluţ/Organizasyon;;;;;ÝRAN;9.06.2010;;;;;;;24.02.2021-31405;24.2.2021/3578 
236;TIZ PARS;;Tüzel Kiţi/Kuruluţ/Organizasyon;;;;;ÝRAN;9.06.2010;;;;;;;24.02.2021-31405;24.2.2021/3578 
237;YA MAHDI INDUSTRIES GROUP;;Tüzel Kiţi/Kuruluţ/Organizasyon;;;;;ÝRAN;24.03.2007;;;;;;;24.02.2021-31405;24.2.2021/3578 
238;YAS AIR;;Tüzel Kiţi/Kuruluţ/Organizasyon;;;;;ÝRAN;20.12.2012;;;;;;;24.02.2021-31405;24.2.2021/3578 
239;YAZD METALLURGY INDUSTRIES (YMI);;Tüzel Kiţi/Kuruluţ/Organizasyon;;;;;ÝRAN;9.06.2010;;;;;;;24.02.2021-31405;24.2.2021/3578 
240;DAWOOD AGHA-JANI;;;;I5824769 Ýranda düzenlenmiţ  ;Pilot Yakýt Zenginleţtirme Tesisi(PFEP)(Natanz) Müdürü;;ÝRAN;23.12.2006 (17.12.2014 de güncellenmiţ);(Eski referans I.37.C.3);Ardebil, Ýran;;;;;01.10.2025-33034(Mükerrer;01.10.2025-10438
241;AMIR MOAYYED ALAI ;;;;;Santrifüjlerin montajý ve mühendisliđinin yönetiminde yer alýyor.;;ÝRAN;3.03.2008 (17.12.2014 de güncellenmiţ);;;;;;;01.10.2025-33034(Mükerrer;01.10.2025-10438
242;BEHMAN ASGARPOUR ;;;Behman Asgharpour, Behman Asgharpur;;Operasyon Müdürü (Arak);;ÝRAN;23.12.2006 (17.12.2014 de güncellenmiţ);;;;;;;01.10.2025-33034(Mükerrer;01.10.2025-10438
243;MOHAMMAD FEDAI ASHIANI;;;;;Amonyum Uranil Karbonat üretinine ve Natanz zenginleţtirme yönetimine katýlým;;ÝRAN;3.03.2008 (17.12.2014 de güncellenmiţ);;;;;;;01.10.2025-33034(Mükerrer;01.10.2025-10438
244;ABBAS REZAEE ASHTIANI;;;;;AEOI Keţif Madencilik Ýţleri Ofisi Yetkilisi;;ÝRAN;3.03.2008 (17.12.2014 de güncellenmiţ);;;;;;;01.10.2025-33034(Mükerrer;01.10.2025-10438
245;HALEH BAKHTIAR;;;Halen Bakhtiar, Haleh Bakhtiari, Haleh Bakhtiyar;;%99,9 oranýnda magnezyum üretiminde;;ÝRAN;3.03.2008 (17.12.2014 de güncellenmiţ);;;;;28.05.1905;;01.10.2025-33034(Mükerrer;01.10.2025-10438
246;MORTEZA BEHZAD;;;;;Santrifüj bileţenlerinin  üretimnde yer alýyor.;;ÝRAN;3.03.2008 (17.12.2014 de güncellenmiţ);;;;;7.06.1959;;01.10.2025-33034(Mükerrer;01.10.2025-10438
247;SEYYED HUSSEIN HOSSEINI;;;Syed Husain Husaini, Syed Husein Huseini;K8196482;Araktaki ađýr su araţtýrma reaktörü projesinde görevli AEOI yetkilisi;;ÝRAN;3.03.2008 (17.12.2014 de güncellenmiţ);;;;;27.07.1973;;01.10.2025-33034(Mükerrer;01.10.2025-10438
248;ALI HAJINIA LEILABADI;;;;E4710151 Ýran (15 ekim 2000 tarihinde düzenlenmiţ, 15 Ekim 2005 de geçerliliđi sona ermiţ);Mesbah Enerji Ţirketi Müdürü;;ÝRAN;23.12.2006 (17.12.2014 de güncellenmiţ);;;;;19.02.1950;;01.10.2025-33034(Mükerrer;01.10.2025-10438
249;HAMID-REZA MOHAJERANI;;;Hamid Reza Mohajerani Araghi;Diplomatik Pasaport: Z30321794 Ýranda düzenlenmiţ(12 Haziran 2014 tarihinde düzenlenmiţ, 12 Hziran 2019 tarihinde sona eriyor);Ýsfahandaki uranyum dönüţtürme tesisi yönetiminde yer alýyor.;;ÝRAN;3.03.2008 (17.12.2014 de güncellenmiţ);;;;;9.09.1977;;01.10.2025-33034(Mükerrer;01.10.2025-10438
250;JAFAR MOHAMMADI ;;;;;AEOI teknik danýţmaný vesantrifüjler için vana üretiminden sorumlu ;;ÝRAN;23.12.2006 (17.12.2014 de güncellenmiţ);;;;;;;01.10.2025-33034(Mükerrer;01.10.2025-10438
251;EHSAN MONAJEMÝ;;;Ihsan Monajemi;;Ýnţaat projesi müdürü Natanz;;ÝRAN;23.12.2006 (17.12.2014 de güncellenmiţ);;;;;;;01.10.2025-33034(Mükerrer;01.10.2025-10438
252;HOUSHANG NOBARI;;;;;Natanz zenginleţtirme kompleksinin yönetiminde;;ÝRAN;3.03.2008 (17.12.2014 de güncellenmiţ);;;;;;;01.10.2025-33034(Mükerrer;01.10.2025-10438
253;MOHAMMAD QANNADI;;;;a) 20694, Ýranda düzenlenmiţ b)A0003044, Ýranda düzenlenmiţ;AEOI araţtýrma ve geliţtirme baţkan yardýmcýsý;;ÝRAN;23.12.2006 (17.12.2014 de güncellenmiţ);;;;;;;01.10.2025-33034(Mükerrer;01.10.2025-10438
254;AMIR RAHIMI;;;;;Ýsfahan nükleer yakýt araţtýrma ve üretim merkezi baţkaný ;;ÝRAN;24.03.2007 (17.12.2014 de güncellenmiţ);Ýsfahan nükleer yakýt araţtýrma ve üretim merkezi  zenginleţtirme ile ilgili faaliyetlerde bulunan AEOI Tedarik ţirketinin parçasý;;;;;;01.10.2025-33034(Mükerrer;01.10.2025-10438
255;JAVAD RAHIQI ;;;Javad Ragihi, Jawad Ragihi, Jawad Rahiqi;;AEOI isfahan nükleer teknoloji merkezi baţkaný;;ÝRAN;18.04.2012  (17.12.2014 de güncellenmiţ);;Marshad,Ýran;;;24.04.1954;;01.10.2025-33034(Mükerrer;01.10.2025-10438
256;ABBAS RASHIDI;;;Abbas Rashidi, Abbas Rashedi, Abas Rashedi;;Natanz daki zenginkleţtirme çalýţmalarýna dahil olmuţtur.;;ÝRAN;3.03.2008 (17.12.2014 de güncellenmiţ);;;;;;;01.10.2025-33034(Mükerrer;01.10.2025-10438
257;M. JAVAD KARIMI SABET;;;Mohammed Sabet, Mohammad Sabet, M.Javad Kareemi Sabet, M. Jawad Karimi Sabet;;1747(2007)sayýlý kararla listelenen Novin Energy Company baţkaný;;ÝRAN;3.03.2008 (17.12.2014 de güncellenmiţ);;;;;25.07.1973;;01.10.2025-33034(Mükerrer;01.10.2025-10438
258;SEYED JABER SAFDARI ;;;Syed Jaber Safdari;;Natanz zenginleţtirme tesisleri müdürü;;ÝRAN;24.03.2007 (17.12.2014 de güncellenmiţ);;;;;;;01.10.2025-33034(Mükerrer;01.10.2025-10438
259;GHASEM SOLEYMANI;;;Ghasim Soleymani Ghasem Sulaymani, Ghasem Solaymani;;Saghand Uranyum Madeni Uranyum Madenciliđi Operasyonlarý Direktörü;;ÝRAN;3.03.2008 (17.12.2014 de güncellenmiţ);;;;;;;01.10.2025-33034(Mükerrer;01.10.2025-10438
260;ATOMIC ENERGY ORGANISATION OF IRAN(AEOI);;Tüzel Kiţi/Kuruluţ/Organizasyon;;;;;ÝRAN;23.12.2006;;;;;;;01.10.2025-33034(Mükerrer;01.10.2025-10438
261;BANK SEPAH AND BANK SEPAH INTERNATIONAL;;Tüzel Kiţi/Kuruluţ/Organizasyon;;;;;ÝRAN;24.03.2007 (17.12.2014 de güncellenmiţ);Bank Sepah, Havacýlýk ve Uzay Sanayii Örgütü (AIO) ve bađlý kuruluţlarýna, 1737 (2006) sayýlý kararla listeye alýnan Shahid Hemmat Endüstri Grubu (SHIG) ve Shahid Bagheri Endüstri Grubu (SBIG) dahil olmak üzere destek sađlamaktadýr.  ;;;;;;01.10.2025-33034(Mükerrer;01.10.2025-10438
262;ESFAHAN NUCLEAR FUEL RESEARCH AND PRODUCTION CENTRE (NFRPC) AND ESFAHAN NUCLEAR TECHNOLOGY CENTRE(ENTC);;Tüzel Kiţi/Kuruluţ/Organizasyon;;;;;ÝRAN;24.03.2007;Ýran Atom Enerjisi Kurumu'nun (AEOI) zenginleţtirme ile ilgili faaliyetlerde bulunan Nükleer Yakýt Üretim ve Tedarik Ţirketi'nin bir parçasýdýr. AEOI, 1737 (2006) sayýlý karar ile listelenmiţtir. [Eski Referans No. E.47.A.2];;;;;;01.10.2025-33034(Mükerrer;01.10.2025-10438
263;FIRST EAST EXPORT BANK P.L.C;;Tüzel Kiţi/Kuruluţ/Organizasyon;;;;Unýt Level 10(B1) Main Office Tower ;ÝRAN;9.06.2010;Bank Mellat’a aittir veya onun tarafýndan control edilmektedir veya onun adýna hareket etmektedir. Bank Mellat, Ýran'ýn nükleer, füze ve savunma kuruluţlarý için yüz milyonlarca dolarlýk iţlemleri kolaylaţtýrmýţtýr. (Ek bilgi: Ýţletme Sicil Numarasý LL06889 (Malezya)) [Eski Referans No. E.29.I.6];;;;;;01.10.2025-33034(Mükerrer;01.10.2025-10438
264;IRANO HIND SHIPPING COMPANY;;Tüzel Kiţi/Kuruluţ/Organizasyon;;;;a) 18 Mehrshad Street, Sadaghat Street, Opposite of Park Mellat, Valie-Asr Ave., Tahran, Ýran b) 265, Next to Mehrshad, Sedaghat St., Opposite of Mellat Park, Vali Asr Ave., Tahran, 1A001, Ýran;ÝRAN;9.06.2010;;;;;;;01.10.2025-33034(Mükerrer;01.10.2025-10438
265;IRISL BENELUX NV;;Tüzel Kiţi/Kuruluţ/Organizasyon;;;;Noorderlaan 139, B-2030, Antwerp, Belçika;ÝRAN;9.06.2010;Ek bilgi: VAT Numarasý BE480224531 [Eski Referans No E.29.III.2];;;;;;01.10.2025-33034(Mükerrer;01.10.2025-10438
266;JABBER IBN HAYAN;;Tüzel Kiţi/Kuruluţ/Organizasyon;;;;;ÝRAN;3.03.2008;Yakýt döngüsü faaliyetlerinde bulunan AEOI laboratuvarý. [Eski Referans No. E.03.III.6];;;;;;01.10.2025-33034(Mükerrer;01.10.2025-10438
267;KARAJ NUCLEAR RESEARCH CENTRE;;Tüzel Kiţi/Kuruluţ/Organizasyon;;;;;ÝRAN;24.03.2007;AEOI'nin araţtýrma bölümünün bir parçasý. [Eski Referans No E.47.A.5];;;;;;01.10.2025-33034(Mükerrer;01.10.2025-10438
268;KAVOSHYAR COMPANY;;Tüzel Kiţi/Kuruluţ/Organizasyon;;;;;ÝRAN;24.03.2007;Ýran'ýn nükleer programý için cam elyaf, vakum odasý fýrýnlarý ve laboratuvar ekipmaný temin etmeye çalýţan AEOI'nin bađlý ţirketi. [Eski Referans No. E.47.A.3];;;;;;01.10.2025-33034(Mükerrer;01.10.2025-10438
269;MESBAH ENERGY COMPANY;;Tüzel Kiţi/Kuruluţ/Organizasyon;;;;;ÝRAN;23.12.2006;Arak'taki A-40 araţtýrma reaktörünün tedarikçisi. [Eski Referans No. E.37.A.2];;;;;;01.10.2025-33034(Mükerrer;01.10.2025-10438
270;MODERN INDUSTRIES TECHNIQUE COMPANY (MITEC);;Tüzel Kiţi/Kuruluţ/Organizasyon;a) MITEC b) Rahkar Company c) Rahkar Industries d) Rahkar Sanaye Company e) Rahkar Sanaye Novin;;;;ÝRAN;9.06.2010;MITEC, Arak'taki IR- 40 ađýr su reaktörünün tasarýmý ve inţasýndan sorumludur. MITEC, IR-40 ađýr su reaktörünün inţasý için tedarik faaliyetlerini yürütmüţtür. [Eski Referans No. E.29.I.12];;;;;;01.10.2025-33034(Mükerrer;01.10.2025-10438
271;NOVIN ENERGY COMPANY;;Tüzel Kiţi/Kuruluţ/Organizasyon;Pars Novin ;;;;ÝRAN;24.03.2007;AEOI bünyesinde faaliyet göstermekte  ve AEOI adýna Ýran'ýn nükleer programý ile bađlantýlý kuruluţlara fon aktarmýţtýr. [Eski Referans No. E.47.A.6];;;;;;01.10.2025-33034(Mükerrer;01.10.2025-10438
272;NUCLEAR RESEARCH CENTER FOR AGRICULTURE AND MEDICINE (NFRPC);;Tüzel Kiţi/Kuruluţ/Organizasyon;a) Center for Agricultural Research and Nuclear Medicine b) Karaji Agricultural and Medical Research Center ;;;P.O. Box 31585-4395, Karaj, Ýran;ÝRAN;9.06.2010;: NFRPC, AEOI'nin büyük bir araţtýrma birimidir ve 1737 (2006) sayýlý kararla listelenmiţtir. NFRPC, AEOI'nin nükleer yakýt geliţtirme merkezidir ve zenginleţtirme ile ilgili faaliyetlerde bulunmaktadýr. [Eski Referans No. E.29.I.13];;;;;;01.10.2025-33034(Mükerrer;01.10.2025-10438
273;PARS TRASH COMPANY;;Tüzel Kiţi/Kuruluţ/Organizasyon;;;;;ÝRAN;23.12.2006;IAEA raporlarýnda belirtildiđi üzere santrifüj programýnda yer almaktadýr. [Eski Referans No. E.37.A.4];;;;;;01.10.2025-33034(Mükerrer;01.10.2025-10438
274;PISHGAM ENERGY INDUSTRIES;;Tüzel Kiţi/Kuruluţ/Organizasyon;Pioneer Energy Industries ;;;;ÝRAN;3.03.2008;Ýsfahan'daki Uranyum Dönüţtürme Tesisinin inţasýna katýlmýţtýr. [Eski Referans No. E.03.III.10];;;;;;01.10.2025-33034(Mükerrer;01.10.2025-10438
275;SOUTH SHIPPING LINE IRAN(SSL);;Tüzel Kiţi/Kuruluţ/Organizasyon;;;;a) Qaem Magham Farahani St., Tahran, Ýran b) Apt. No. 7, 3rd Floor, No. 2, 4th Alley, Gandi Ave., Tahran, Ýran ;ÝRAN;9.06.2010;;;;;;;01.10.2025-33034(Mükerrer;01.10.2025-10438
276;TAMAS COMPANY ;;Tüzel Kiţi/Kuruluţ/Organizasyon;;;;;ÝRAN;3.03.2008;Zenginleţtirme ile ilgili faaliyetlerde bulunmaktadýr. TAMAS, uranyum çýkarma ve zenginleţtirme ile uranyum iţleme, zenginleţtirme ve atýklarýn bertarafýndan sorumlu olmak üzere dört bađlý ţirketin kurulduđu çatý kuruluţudur. [Eski Referans No. E.03.III.12];;;;;;01.10.2025-33034(Mükerrer;01.10.2025-10438
